table_name,rows,columns,duplicate_rows,total_missing_values,missing_percentage
hospitals,8,6,0,0,0.0
departments,12,3,0,0,0.0
doctors,260,7,0,0,0.0
patients,12090,10,0,3630,3.0024813895781644
admissions,30130,12,130,394,0.10897223144153113
treatments,90160,7,160,300,0.047534541767017366
billing,30080,10,80,120,0.03989361702127659
pharmacy,70090,8,90,150,0.026751319731773436
lab_results,60000,7,0,120,0.028571428571428574
followups,30000,7,0,0,0.0
