hospital_id,hospital_name,city,total_admissions,unique_patients,readmission_rate,avg_los,avg_cost,total_cost
1,MedNova Hospital - Hyderabad,Hyderabad,5258,4250,0.49239254469379995,6.042411563332066,32436.32917150057,170550218.78375
5,MedNova Hospital - Mumbai,Mumbai,4981,4050,0.4766111222646055,5.929331459546276,31138.399639881554,155100368.60625002
2,MedNova Hospital - Bengaluru,Bengaluru,4457,3714,0.48934260713484407,5.953107471393314,32763.459463764866,146026738.83
3,MedNova Hospital - Chennai,Chennai,3689,3156,0.4827866630523177,5.764163730008132,32626.697354635406,120359886.54125
6,MedNova Hospital - Delhi,Delhi,3581,3052,0.4716559620217816,5.982407148841106,32921.625959578334,117892342.56125
4,MedNova Hospital - Pune,Pune,3238,2858,0.4817788758492897,5.942865966646078,32679.593223440395,105816522.8575
7,MedNova Hospital - Vijayawada,Vijayawada,2663,2421,0.49042433345850545,5.687570409312805,31908.442787269996,84972183.1425
8,MedNova Hospital - Warangal,Warangal,2133,1946,0.4974214721050164,5.981715893108298,32841.94599449133,70051870.80625
